customerID,ActualChurn,PredictedChurn,ChurnProbability,RiskSegment
4376-KFVRS,0,0,0.0030749151,Low Risk
2754-SDJRD,0,1,0.9789918,High Risk
9917-KWRBE,0,0,0.14163303,Low Risk
0365-GXEZS,0,0,0.3845084,Low Risk
9385-NXKDA,0,0,0.000207281,Low Risk
4686-UXDML,0,1,0.7155796,Medium Risk
2227-JRSJX,0,1,0.5933657,Medium Risk
4830-FAXFM,0,0,0.13445254,Low Risk
1830-IPXVJ,0,0,0.0010788646,Low Risk
4690-LLKUA,1,0,0.40284237,Low Risk
5804-HYIEZ,0,0,0.14738612,Low Risk
2388-LAESQ,0,0,0.0019054626,Low Risk
5533-RJFTJ,0,0,0.1699739,Low Risk
4706-AXVKM,1,1,0.81423664,High Risk
0997-YTLNY,0,0,0.09652523,Low Risk
7971-HLVXI,0,0,0.0027360155,Low Risk
7337-CINUD,0,0,0.0008317591,Low Risk
1379-FRVEB,0,1,0.6740702,Medium Risk
4753-PADAS,0,0,0.21491729,Low Risk
5701-GUXDC,0,0,0.08089339,Low Risk
7235-NXZCP,1,1,0.59610665,Medium Risk
0668-OGMHD,0,0,0.3890697,Low Risk
2812-REYAT,0,0,0.001822601,Low Risk
8779-YIQQA,0,0,0.014611462,Low Risk
9701-CDXHR,0,0,0.06756453,Low Risk
7130-CTCUS,0,0,0.15843688,Low Risk
1894-IGFSG,1,0,0.40223762,Low Risk
0871-URUWO,1,1,0.62477726,Medium Risk
0057-QBUQH,0,0,0.0147138825,Low Risk
9611-CTWIH,1,1,0.65664774,Medium Risk
8058-DMYRU,0,0,0.46328136,Low Risk
5351-QESIO,0,0,0.37436658,Low Risk
4302-ZYFEL,0,0,0.0004899255,Low Risk
6134-KWTBV,0,0,0.0063429745,Low Risk
2034-GDRCN,1,1,0.77509284,High Risk
9544-PYPSJ,0,0,0.029176718,Low Risk
4208-UFFGW,1,1,0.530607,Medium Risk
9537-JALFH,0,0,0.00034757584,Low Risk
4415-IJZTP,1,1,0.9329873,High Risk
4701-MLJPN,1,0,0.07355504,Low Risk
7515-LODFU,0,0,0.00020891934,Low Risk
4927-WWOOZ,0,1,0.85524017,High Risk
4067-HLYQI,0,1,0.7039728,Medium Risk
6184-DYUOB,0,0,0.12281819,Low Risk
9209-NWPGU,0,0,0.015718235,Low Risk
9851-KIELU,1,1,0.6890008,Medium Risk
3199-XGZCY,0,1,0.5749949,Medium Risk
4226-KKDON,0,0,0.052443672,Low Risk
1085-LDWAM,0,0,0.00023230864,Low Risk
6825-UYPFK,1,0,0.18604027,Low Risk
1767-CJKBA,0,0,0.0003635495,Low Risk
7181-BQYBV,1,1,0.90290165,High Risk
0178-CIIKR,0,0,0.11160542,Low Risk
4256-ZWTZI,0,0,0.28653878,Low Risk
9537-VHDTA,0,0,0.2745131,Low Risk
2754-XBHTB,1,1,0.5596148,Medium Risk
5975-BAICR,0,0,0.050291583,Low Risk
3301-VKTGC,0,0,0.03448128,Low Risk
2877-VDUER,0,0,0.002173341,Low Risk
7717-BICXI,0,0,0.0023730202,Low Risk
0562-FGDCR,0,0,0.00016675387,Low Risk
3705-PSNGL,1,0,0.0023497115,Low Risk
0048-LUMLS,0,0,0.21720168,Low Risk
6497-TILVL,0,0,0.091673784,Low Risk
2108-YKQTY,1,0,0.36189044,Low Risk
3658-KIBGF,1,0,0.43170756,Low Risk
5482-NUPNA,1,0,0.2036125,Low Risk
7410-KTVFV,1,0,0.16780557,Low Risk
9033-EOXWV,1,0,0.1858827,Low Risk
8821-XNHVZ,1,1,0.9188639,High Risk
8224-KDLKN,0,0,0.00019660979,Low Risk
4825-FUREZ,0,0,0.0016534863,Low Risk
7534-BFESC,1,0,0.40393615,Low Risk
9138-EFSMO,0,0,0.02138703,Low Risk
4227-OJHAL,0,0,0.09421692,Low Risk
7279-NMVJC,0,0,0.04891233,Low Risk
8591-TKMZH,0,0,0.00989763,Low Risk
9283-LZQOH,1,0,0.44213873,Low Risk
3594-IVHJZ,0,0,0.08234481,Low Risk
1945-XISKS,0,0,0.0036568295,Low Risk
4359-INNWN,0,0,0.033488624,Low Risk
7649-SIJJF,0,0,8.152305e-05,Low Risk
9254-RBFON,1,0,0.1657339,Low Risk
0970-ETWGE,1,1,0.78310204,High Risk
7762-ONLJY,0,0,0.039014723,Low Risk
6710-HSJRD,0,0,0.14972006,Low Risk
8873-GLDMH,0,1,0.73164415,Medium Risk
9907-SWKKF,1,1,0.8139994,High Risk
4658-HCOHW,1,0,0.2670715,Low Risk
9330-VOFSZ,0,0,0.015134693,Low Risk
2860-RANUS,1,0,0.35967427,Low Risk
6234-PFPXL,0,0,0.34114894,Low Risk
7205-BAIAD,0,0,0.0011036515,Low Risk
3858-VOBET,1,0,0.47268444,Low Risk
5103-MHMHY,1,0,0.39098367,Low Risk
6119-SPUDB,0,0,0.0029848008,Low Risk
9389-ACWBI,0,0,0.4615617,Low Risk
3454-JFUBC,0,0,0.00013621585,Low Risk
1768-ZAIFU,1,1,0.924734,High Risk
7017-VFULY,0,0,0.07705238,Low Risk
9221-OTIVJ,1,1,0.8203376,High Risk
2482-CZGBB,1,0,0.44307268,Low Risk
7018-WBJNK,0,0,0.48873758,Low Risk
3331-HQDTW,1,0,0.047567885,Low Risk
4695-VADHF,1,0,0.13568647,Low Risk
4086-WITJG,0,0,8.0828475e-05,Low Risk
6297-NOOPG,0,0,0.07873551,Low Risk
8777-PVYGU,0,0,0.0062595694,Low Risk
4378-MYPGO,0,0,0.023014672,Low Risk
9313-CDOGY,0,0,0.018581036,Low Risk
4121-AGSIN,0,0,0.0047712266,Low Risk
0432-CAJZV,0,1,0.5363321,Medium Risk
9097-ZUBYC,0,0,0.36012417,Low Risk
9638-JIQYA,0,0,0.4747441,Low Risk
1024-GUALD,1,0,0.38422564,Low Risk
8024-XNAFQ,0,0,0.001168542,Low Risk
7587-RZNME,1,1,0.5663209,Medium Risk
1346-UFHAX,0,0,0.22029546,Low Risk
6374-NTQLP,0,0,0.013067002,Low Risk
6625-FLENO,0,0,0.023915887,Low Risk
7375-WMVMT,0,0,0.0004723501,Low Risk
6910-HADCM,1,1,0.9613254,High Risk
7401-JIXNM,0,0,0.0041249283,Low Risk
7338-ERIVA,0,0,0.009078948,Low Risk
5376-DEQCP,1,1,0.59465414,Medium Risk
0909-SELIE,0,0,0.0006285863,Low Risk
5419-KLXBN,1,0,0.37339047,Low Risk
0365-TRTPY,0,0,0.07932296,Low Risk
6712-OAWRH,1,1,0.63320076,Medium Risk
2428-ZMCTB,0,0,0.0669809,Low Risk
1963-VAUKV,1,0,0.14256074,Low Risk
9381-NDKME,1,0,0.4444209,Low Risk
3729-OWRVL,0,0,0.45398206,Low Risk
0895-LMRSF,0,0,0.15629439,Low Risk
2676-SSLTO,0,0,0.0053389496,Low Risk
8495-PRWFH,0,0,0.13225794,Low Risk
9030-QGZNL,0,0,0.0021122643,Low Risk
9972-NKTFD,0,0,0.058916602,Low Risk
7998-WNZEM,0,0,9.66921e-05,Low Risk
0979-PHULV,1,1,0.69576055,Medium Risk
6445-TNRXS,0,0,0.06294399,Low Risk
9586-JGQKH,0,0,0.0024474792,Low Risk
3966-HRMZA,0,0,0.28075808,Low Risk
5498-IBWPI,0,0,0.008109108,Low Risk
6823-SIDFQ,0,0,8.820176e-05,Low Risk
2323-ARSVR,0,0,0.034772273,Low Risk
5468-BPMMO,0,0,0.04314382,Low Risk
0486-HECZI,1,0,0.4680457,Low Risk
2178-PMGCJ,0,0,0.33498517,Low Risk
4660-IRIBM,0,1,0.73950833,Medium Risk
9674-EHPPG,0,0,0.003886909,Low Risk
5606-AMZBO,0,1,0.5037082,Medium Risk
0665-XHDJU,0,0,0.09517166,Low Risk
5402-HTOTQ,0,0,0.45261124,Low Risk
8258-GSTJK,1,1,0.86425644,High Risk
3787-TRIAL,0,0,0.21988001,Low Risk
6175-IRFIT,0,0,0.49287984,Low Risk
6317-YPKDH,1,0,0.3761265,Low Risk
5692-FPTAH,1,0,0.47510028,Low Risk
5373-SFODM,1,1,0.53044623,Medium Risk
0868-VJRDR,0,0,0.003036045,Low Risk
4079-VTGLK,0,0,0.013378246,Low Risk
1166-PQLGG,0,0,0.00016020771,Low Risk
5296-BFCYD,0,0,0.0013452049,Low Risk
6568-POCUI,0,0,0.09410406,Low Risk
2839-RFSQE,1,0,0.05301304,Low Risk
2188-SXWVT,0,0,0.0118914945,Low Risk
8849-GYOKR,1,0,0.228103,Low Risk
3623-FQBOX,0,0,0.044911213,Low Risk
2649-HWLYB,0,0,0.15964301,Low Risk
0599-XNYDO,0,0,0.45300144,Low Risk
2514-GINMM,1,1,0.9611942,High Risk
8401-EMUWF,0,0,0.043700017,Low Risk
5766-ZJYBB,1,0,0.26326004,Low Risk
2604-IJPDU,0,1,0.53766125,Medium Risk
2501-XWWTZ,0,0,0.26751307,Low Risk
6370-ZVHDV,0,0,0.008347209,Low Risk
3027-YNWZU,0,0,0.003842407,Low Risk
4526-ZJJTM,0,0,0.39479467,Low Risk
0440-QEXBZ,0,0,0.06402542,Low Risk
0330-IVZHA,1,0,0.39681983,Low Risk
9758-MFWGD,0,1,0.57420534,Medium Risk
4229-CZMLL,1,1,0.8686011,High Risk
0742-MOABM,1,0,0.12851404,Low Risk
4277-BWBML,0,0,0.00021370489,Low Risk
5136-GFPMB,0,0,0.06584885,Low Risk
7520-HQWJU,0,0,0.013068097,Low Risk
6304-IJFSQ,1,0,0.3910101,Low Risk
0297-RBCSG,0,0,0.10294254,Low Risk
6013-BHCAW,0,0,0.0029206781,Low Risk
4402-FTBXC,0,0,0.08608676,Low Risk
1471-GIQKQ,0,0,0.16185534,Low Risk
4283-FUTGF,1,1,0.5527081,Medium Risk
9548-LERKT,0,0,0.0028633508,Low Risk
8059-UDZFY,0,0,0.3917622,Low Risk
0410-IPFTY,0,1,0.7764022,High Risk
2478-EEWWM,0,1,0.749566,Medium Risk
4619-EVPHY,0,0,0.108374156,Low Risk
2277-DJJDL,0,0,0.21406819,Low Risk
2911-WDXMV,0,0,0.13219963,Low Risk
3639-XJHKQ,0,0,0.07890841,Low Risk
8173-RXAYP,0,0,0.0015884981,Low Risk
4537-CIBHB,0,0,0.15075289,Low Risk
5442-BXVND,0,0,0.24522021,Low Risk
2308-STERM,0,0,0.12009815,Low Risk
7159-NOKYQ,0,0,0.012220502,Low Risk
6075-QMNRR,0,0,0.010968791,Low Risk
3694-GLTJM,0,0,0.079276815,Low Risk
9629-NHXFW,0,1,0.5376594,Medium Risk
7167-PCEYD,0,0,0.0010993613,Low Risk
2748-MYRVK,1,0,0.10682903,Low Risk
4223-WOZCM,0,1,0.527865,Medium Risk
6946-LMSQS,1,0,0.1666859,Low Risk
5469-NUJUR,0,0,0.002375121,Low Risk
6388-TABGU,0,0,0.012404441,Low Risk
1261-FWTTE,0,1,0.6520927,Medium Risk
8590-YFFQO,0,0,0.005425623,Low Risk
0082-OQIQY,0,0,0.24635209,Low Risk
9465-RWMXL,1,0,0.4173383,Low Risk
2930-UOTMB,1,0,0.043842316,Low Risk
9128-CPXKI,0,0,0.049825516,Low Risk
0484-FFVBJ,0,0,0.15713479,Low Risk
1100-DDVRV,0,0,0.39868104,Low Risk
9313-QOLTZ,0,0,0.03359463,Low Risk
3338-CVVEH,0,1,0.9002285,High Risk
1131-SUEKT,0,0,0.065911695,Low Risk
7602-DBTOU,0,0,0.0013191359,Low Risk
1385-TQOZW,0,0,0.06992274,Low Risk
6892-XPFPU,1,1,0.7202156,Medium Risk
4115-NZRKS,0,0,0.30339742,Low Risk
5514-YQENT,0,0,0.13342106,Low Risk
6319-IEJWJ,1,0,0.4922497,Low Risk
8849-AYPTR,0,0,0.2790006,Low Risk
5893-PYOLZ,0,0,0.00064329064,Low Risk
7180-PISOG,1,1,0.9183314,High Risk
8443-ZRDBZ,1,1,0.7944349,High Risk
9079-YEXQJ,1,0,0.124667965,Low Risk
3780-YVMFA,0,0,0.25233763,Low Risk
6968-MHOMU,0,0,0.24946357,Low Risk
0899-LIIBW,0,0,0.30086476,Low Risk
3677-IYRBF,1,1,0.9380568,High Risk
8393-DLHGA,1,1,0.58496463,Medium Risk
7691-XVTZH,0,0,0.07198634,Low Risk
5360-LJCNJ,0,0,0.0926961,Low Risk
3891-PUQOD,1,1,0.86111695,High Risk
0952-KMEEH,1,1,0.7754733,High Risk
4919-IKATY,1,1,0.52130896,Medium Risk
9746-UGFAC,0,0,0.019365413,Low Risk
9108-EQPNQ,0,0,0.016820759,Low Risk
0531-ZZJWQ,0,0,0.4435673,Low Risk
8763-KIAFH,0,0,0.0016412914,Low Risk
5863-OOKCL,0,0,0.0034957142,Low Risk
2958-NHPPS,0,0,0.022169208,Low Risk
9530-GRMJG,0,0,0.0071675307,Low Risk
1809-DMJHQ,1,0,0.3534802,Low Risk
0164-XAIRP,0,0,0.0033843282,Low Risk
2926-JEJJC,0,0,0.031800848,Low Risk
1169-WCVAK,0,0,0.058472298,Low Risk
1217-VASWC,0,0,0.44581243,Low Risk
2452-KDRRH,0,0,0.42990926,Low Risk
6402-EJMWF,0,1,0.5462228,Medium Risk
7663-CUXZB,0,0,0.119439356,Low Risk
4312-KFRXN,0,0,0.00027171025,Low Risk
3011-WQKSZ,0,0,0.20166329,Low Risk
9747-DDZOS,1,1,0.528986,Medium Risk
2091-MJTFX,1,0,0.03919455,Low Risk
0388-EOPEX,1,0,0.2587683,Low Risk
3161-ONRWK,0,0,0.0022466753,Low Risk
2587-EKXTS,0,0,0.10473287,Low Risk
9752-ZNQUT,0,0,0.44537142,Low Risk
9572-WUKSB,0,0,0.4784644,Low Risk
3836-FZSDJ,0,0,0.0006836942,Low Risk
8805-JNRAZ,0,0,0.2267769,Low Risk
3069-SSVSN,0,0,0.054707345,Low Risk
8015-IHCGW,0,0,0.0025893187,Low Risk
8132-YPVBX,0,1,0.7696592,High Risk
0235-KGSLC,1,1,0.79239607,High Risk
1302-UHBDD,0,1,0.62294626,Medium Risk
3722-WPXTK,1,1,0.8314653,High Risk
7531-GQHME,0,0,0.055517763,Low Risk
1335-NTIUC,0,1,0.52915734,Medium Risk
9367-TCUYN,0,0,0.10757141,Low Risk
1536-HBSWP,0,0,0.26580927,Low Risk
8573-JGCZW,0,0,0.031080123,Low Risk
2694-CIUMO,0,1,0.59456056,Medium Risk
2027-FECZV,1,0,0.42129275,Low Risk
9103-TCIHJ,1,0,0.35644767,Low Risk
1545-JFUML,0,0,0.0036813691,Low Risk
0524-IAVZO,1,1,0.59082,Medium Risk
5519-TEEUH,0,0,0.017720722,Low Risk
6654-QGBZZ,0,0,0.42172018,Low Risk
2294-DMMUS,0,0,0.014860926,Low Risk
0017-IUDMW,0,0,0.006344192,Low Risk
5018-LXQQG,0,0,0.07265721,Low Risk
5808-TOTXO,0,0,0.044682093,Low Risk
1174-FGIFN,0,0,0.1566793,Low Risk
0730-KOAVE,0,1,0.57227296,Medium Risk
1218-VKFPE,1,0,0.006796572,Low Risk
5313-FPXWG,0,0,0.011777976,Low Risk
2834-JKOOW,0,0,0.021211257,Low Risk
9430-NKQLY,0,0,0.00035562977,Low Risk
0363-QJVFX,1,0,0.04007815,Low Risk
1658-TJVOA,0,1,0.7944006,High Risk
6685-GBWJZ,0,0,0.008172582,Low Risk
6328-ZPBGN,1,1,0.8676456,High Risk
4003-FUSHP,0,0,0.29372665,Low Risk
7690-KPNCU,0,0,0.024151845,Low Risk
2969-WGHQO,0,0,0.071587,Low Risk
1855-CFULU,0,0,0.23774824,Low Risk
9788-YTFGE,0,0,0.09265147,Low Risk
8266-VBFQL,0,1,0.66287553,Medium Risk
2325-NBPZG,0,0,0.43138173,Low Risk
9906-NHHVC,0,0,0.018439073,Low Risk
2541-YGPKE,0,0,0.11471966,Low Risk
5049-MUBWG,0,0,0.01194426,Low Risk
2332-TODQS,0,0,0.0072978917,Low Risk
4419-UJMUS,0,0,0.050953478,Low Risk
2233-TXSIU,0,0,0.05059438,Low Risk
6770-XUAGN,1,1,0.5251495,Medium Risk
2919-HBCJO,1,1,0.73949707,Medium Risk
9508-ILZDG,0,0,0.43339172,Low Risk
5442-BHQNG,0,1,0.6337866,Medium Risk
7250-EQKIY,1,1,0.83425075,High Risk
6838-HVLXG,0,0,0.041529223,Low Risk
9767-FFLEM,0,0,0.2780308,Low Risk
2245-ADZFJ,0,0,0.00269706,Low Risk
1150-WFARN,1,0,0.0903424,Low Risk
9054-FOWNV,0,1,0.6687765,Medium Risk
7997-EASSD,0,0,0.0012259663,Low Risk
7560-QJAVJ,0,0,0.01308816,Low Risk
2668-TZSPS,0,0,0.086275,Low Risk
9139-WQQDY,1,0,0.059181117,Low Risk
6726-NNFWD,0,0,0.0034768013,Low Risk
9330-DHBFL,0,0,0.13876945,Low Risk
5727-MYATE,0,0,0.00016509928,Low Risk
2824-DXNKN,0,0,0.002707685,Low Risk
6166-ILMNY,1,1,0.6252994,Medium Risk
5236-XMZJY,0,0,0.07005148,Low Risk
1709-EJDOX,0,0,0.0074894545,Low Risk
4962-CHQPW,0,0,0.001349854,Low Risk
0301-FIDRB,0,0,0.0010984972,Low Risk
1820-TQVEV,1,1,0.9698241,High Risk
9115-YQHGA,0,0,0.1377999,Low Risk
1541-ETJZO,1,0,0.33043993,Low Risk
6230-BSUXY,1,1,0.96445334,High Risk
6797-LNAQX,1,0,0.035487343,Low Risk
9588-YRFHY,0,0,0.0005460617,Low Risk
1092-GANHU,1,0,0.18944147,Low Risk
5951-AOFIH,0,0,0.32062677,Low Risk
7029-RPUAV,1,0,0.15110835,Low Risk
4700-UBQMV,0,0,0.14136912,Low Risk
3594-UVONA,1,0,0.073449686,Low Risk
7750-EYXWZ,0,0,0.08558536,Low Risk
7054-ENNGU,0,0,0.11542429,Low Risk
0402-OAMEN,0,0,0.00026858706,Low Risk
2195-VVRJF,0,0,0.08321603,Low Risk
8819-ZBYNA,0,0,0.3230633,Low Risk
7748-UMTRK,0,1,0.57223463,Medium Risk
1741-WTPON,0,0,0.015099311,Low Risk
7209-JCUDS,1,1,0.7837951,High Risk
2485-ITVKB,1,1,0.72835714,Medium Risk
9648-BCHKM,0,0,0.0046635796,Low Risk
0743-HRVFF,0,0,0.062109955,Low Risk
2522-AHJXR,0,0,0.056858465,Low Risk
9143-CANJF,0,0,0.040099047,Low Risk
1444-VVSGW,1,0,0.2820738,Low Risk
6898-MDLZW,0,0,0.14926541,Low Risk
0074-HDKDG,0,0,0.14238794,Low Risk
3982-JGSFD,0,0,0.00170193,Low Risk
7928-VJYAB,0,0,0.4175405,Low Risk
1522-VVDMG,1,1,0.557698,Medium Risk
2665-NPTGL,0,1,0.6092602,Medium Risk
8728-SKJLR,0,0,0.37904802,Low Risk
7733-UDMTP,0,0,0.41372472,Low Risk
0431-APWVY,1,0,0.116268076,Low Risk
5081-NWSUP,0,0,0.13638334,Low Risk
2746-DIJLO,0,0,0.3587083,Low Risk
7277-OZCGZ,0,0,0.33465827,Low Risk
5236-PERKL,1,0,0.041068874,Low Risk
2788-CJQAQ,0,0,0.0017430593,Low Risk
3096-WPXBT,0,0,0.08566133,Low Risk
9962-BFPDU,0,0,0.3355302,Low Risk
2892-GESUL,0,0,0.004705667,Low Risk
9741-YLNTD,0,1,0.7272336,Medium Risk
1205-WNWPJ,1,0,0.063171305,Low Risk
3173-NVMPX,0,0,0.25280827,Low Risk
9661-MHUMO,1,0,0.28865886,Low Risk
6000-APYLU,1,0,0.4505037,Low Risk
0048-PIHNL,0,0,0.002447657,Low Risk
9420-LOJKX,1,1,0.87104684,High Risk
7061-OVMIM,0,0,0.0054682293,Low Risk
5671-RQRLP,0,0,0.05924133,Low Risk
5129-JLPIS,0,1,0.7378833,Medium Risk
5170-PTRKA,0,0,0.0013370394,Low Risk
4819-HJPIW,0,0,0.11085768,Low Risk
8780-RSYYU,0,0,0.0077840895,Low Risk
2335-GSODA,0,0,0.007257392,Low Risk
5696-CEIQJ,0,0,0.07146076,Low Risk
6169-PPETC,0,0,0.002039341,Low Risk
4237-RLAQD,1,1,0.65419215,Medium Risk
7359-WWYJV,0,0,0.0026474998,Low Risk
8620-RJPZN,0,0,0.29609773,Low Risk
7426-WEIJX,0,0,0.055680722,Low Risk
7629-WIXZF,0,0,0.18506685,Low Risk
2616-FLVQC,0,0,0.014240707,Low Risk
9163-GHAYE,0,0,0.18863526,Low Risk
4464-JCOLN,1,0,0.029788738,Low Risk
2971-SGAFL,0,0,0.36785552,Low Risk
4735-ASGMA,1,1,0.64466083,Medium Risk
5245-VDBUR,0,0,0.02155927,Low Risk
1493-AMTIE,1,0,0.32474768,Low Risk
1112-CUNAO,1,1,0.7764558,High Risk
7571-YXDAD,1,0,0.4546195,Low Risk
8714-EUHJO,1,0,0.41870344,Low Risk
9040-KZVWO,0,0,0.02670243,Low Risk
6713-OKOMC,0,0,0.08542248,Low Risk
8749-CLJXC,0,0,0.4029133,Low Risk
4713-LZDRV,1,1,0.88875824,High Risk
6598-RFFVI,1,0,0.0030463345,Low Risk
7470-MCQTK,1,0,0.41370258,Low Risk
5524-KHNJP,0,0,0.15072316,Low Risk
1707-HABPF,0,0,0.04207663,Low Risk
4581-LNWUM,0,0,0.39500043,Low Risk
9710-ZUSHQ,1,0,0.08145111,Low Risk
1697-LYYYX,0,0,0.0006441502,Low Risk
4013-GUXND,0,0,0.35003632,Low Risk
5022-JNQEQ,0,1,0.62294745,Medium Risk
4983-CCWMC,0,1,0.550213,Medium Risk
6345-FZOQH,0,0,0.00048303595,Low Risk
0962-CQPWQ,0,0,0.0005591777,Low Risk
5495-GPSRW,0,0,0.0046221414,Low Risk
2252-JHJGE,0,0,0.16823883,Low Risk
7356-AYNJP,0,0,0.04402738,Low Risk
2019-HDCZY,0,0,0.022620374,Low Risk
8582-KRHPJ,0,0,0.025689535,Low Risk
2867-UIMSS,1,1,0.88991535,High Risk
3487-EARAT,0,0,0.21565303,Low Risk
9926-PJHDQ,0,0,0.011516913,Low Risk
0289-IVARM,0,0,0.053580824,Low Risk
4672-FOTSD,0,0,0.061288606,Low Risk
6198-PNNSZ,0,0,0.080304645,Low Risk
7603-USHJS,1,0,0.3659156,Low Risk
6784-XYJAE,0,0,0.011305303,Low Risk
3858-XHYJO,0,0,0.16641478,Low Risk
1087-UDSIH,1,0,0.14524294,Low Risk
7251-LJBQN,0,0,0.14146723,Low Risk
3200-MNQTF,0,0,0.1812848,Low Risk
9359-UGBTK,0,0,0.027992845,Low Risk
8160-HOWOX,0,0,0.25563368,Low Risk
0258-NOKBL,0,1,0.6670859,Medium Risk
2800-QQUSO,0,1,0.6676841,Medium Risk
2129-ALKBS,0,0,0.031693593,Low Risk
9972-VAFJJ,0,0,0.10508099,Low Risk
4693-VWVBO,0,0,0.09983982,Low Risk
6969-MVBAI,0,1,0.89088404,High Risk
4821-WQOYN,0,0,0.00027880396,Low Risk
6769-DYBQN,1,0,0.21230265,Low Risk
4018-PPNDW,0,0,0.0032930968,Low Risk
6288-CHQJB,0,0,0.0015635147,Low Risk
4905-JEFDW,1,1,0.5237918,Medium Risk
0559-CKHUS,0,0,0.0031759134,Low Risk
2659-VXMWZ,1,0,0.045908425,Low Risk
6559-RAKOZ,0,0,0.43594658,Low Risk
8809-XKHMD,0,0,0.002359647,Low Risk
6365-HITVU,0,0,0.00031006258,Low Risk
0134-XWXCE,0,0,0.06736186,Low Risk
9720-JJJOR,0,0,0.097301535,Low Risk
2782-LFZVW,0,0,0.08857529,Low Risk
6112-KTHFQ,0,0,0.043431025,Low Risk
9220-ZNKJI,0,0,0.021491157,Low Risk
9820-RMCQV,1,0,0.077861086,Low Risk
9013-AQORL,0,0,0.08260363,Low Risk
2040-OBMLJ,0,0,0.01951542,Low Risk
5574-NXZIU,0,0,0.040856965,Low Risk
5446-DKWYW,0,0,0.047839936,Low Risk
0480-KYJVA,0,0,5.322947e-05,Low Risk
1074-AMIOH,0,0,0.05797998,Low Risk
0015-UOCOJ,0,0,0.3342132,Low Risk
0256-LTHVJ,1,0,0.24364637,Low Risk
4547-LYTDD,1,0,0.37175107,Low Risk
1077-HUUJM,0,1,0.8697268,High Risk
2041-JIJCI,0,0,0.30567423,Low Risk
1555-HAPSU,0,0,0.000104614286,Low Risk
4323-SADQS,1,0,0.3740335,Low Risk
3292-PBZEJ,0,1,0.7413842,Medium Risk
6203-HBZPA,0,0,0.0050728167,Low Risk
9755-JHNMN,0,0,0.006907154,Low Risk
7369-TRPFD,0,0,0.00083171914,Low Risk
9878-TNQGW,1,1,0.7632149,High Risk
2279-AXJJK,0,0,0.10065468,Low Risk
5016-IBERQ,0,1,0.56662834,Medium Risk
1016-DJTSV,0,0,0.4593604,Low Risk
8433-WPJTV,0,0,0.059500884,Low Risk
8903-XEBGX,0,1,0.8498792,High Risk
2632-TACXW,0,0,0.0070838802,Low Risk
7952-OBOYL,0,1,0.6786173,Medium Risk
1470-PSXNM,0,0,0.38123074,Low Risk
6227-HWPWX,1,0,0.3602619,Low Risk
5924-SNGKP,0,0,0.0019932778,Low Risk
8818-DOPVL,0,0,0.32767394,Low Risk
4521-WFJAI,0,0,0.018767172,Low Risk
4724-WXVWF,0,0,0.41403323,Low Risk
3717-OEAUQ,0,1,0.5244423,Medium Risk
8165-ZJRNM,0,0,0.0001341125,Low Risk
7838-LAZFO,0,0,0.057319526,Low Risk
0513-RBGPE,0,0,0.0073116394,Low Risk
7251-XFOIL,0,0,0.012616404,Low Risk
2525-GVKQU,0,0,0.007363612,Low Risk
7579-OOPEC,1,0,0.31538668,Low Risk
3795-GWTRD,0,0,0.0005918866,Low Risk
4750-ZRXIU,1,1,0.8399636,High Risk
5445-PZWGX,1,0,0.01966691,Low Risk
0516-UXRMT,0,0,0.05341546,Low Risk
0727-BNRLG,0,0,0.009340033,Low Risk
3932-CMDTD,1,1,0.5814743,Medium Risk
1264-FUHCX,0,0,0.061692655,Low Risk
6194-HBGQN,0,0,0.010118847,Low Risk
4524-QCSSM,0,1,0.58805686,Medium Risk
4570-QHXHL,0,1,0.8126597,High Risk
2972-YDYUW,0,0,0.07537504,Low Risk
2061-VVFST,0,0,0.056462746,Low Risk
6874-SGLHU,0,0,0.29843295,Low Risk
9844-FELAJ,0,0,0.1597022,Low Risk
1902-XBTFB,1,0,0.49675792,Low Risk
9039-RBEEE,1,0,0.020215057,Low Risk
9369-XFEHK,1,1,0.5801119,Medium Risk
3680-CTHUH,0,0,0.05324475,Low Risk
3679-XASPY,0,0,0.33223748,Low Risk
9089-UOWJG,0,0,0.21105574,Low Risk
1574-DYCWE,0,0,0.002240044,Low Risk
9779-DPNEJ,0,1,0.55663645,Medium Risk
2967-MXRAV,0,0,0.011388392,Low Risk
0327-WFZSY,0,0,0.21604511,Low Risk
1731-TVIUK,1,1,0.95634013,High Risk
7666-WKRON,1,0,0.011793082,Low Risk
3865-ZYKAD,0,0,0.017227884,Low Risk
1465-LNTLJ,0,0,0.03125946,Low Risk
2696-RZVZW,0,0,0.0007794912,Low Risk
0685-MLYYM,1,1,0.7404786,Medium Risk
2778-OCLGR,1,1,0.5242808,Medium Risk
3982-XWFZQ,1,0,0.17058085,Low Risk
4759-PXTAN,0,0,0.017394684,Low Risk
1448-PWKYE,1,1,0.9411547,High Risk
8741-LQOBK,0,0,0.31237665,Low Risk
8650-RHRKE,1,1,0.5515262,Medium Risk
7266-GSSJX,0,0,0.047050267,Low Risk
1265-HVPZB,0,0,0.02105649,Low Risk
9640-ZSLDC,0,0,0.0976258,Low Risk
0988-JRWWP,0,1,0.7592601,High Risk
1926-QUZNN,0,0,0.00047058327,Low Risk
9025-ZRPVR,1,0,0.008896685,Low Risk
6527-PZFPV,0,0,0.0049451343,Low Risk
7460-ITWWP,0,0,0.39838257,Low Risk
1530-ZTDOZ,0,0,0.053393085,Low Risk
4785-FCIFB,0,0,0.0047914255,Low Risk
9717-QEBGU,0,1,0.51153666,Medium Risk
0876-WDUUZ,1,1,0.80670226,High Risk
7881-EVUAD,1,1,0.6664602,Medium Risk
4002-BQWPQ,0,0,0.033796668,Low Risk
6377-WHAOX,0,1,0.627165,Medium Risk
5027-YOCXN,0,0,0.12473711,Low Risk
8450-JOVAH,1,0,0.27096435,Low Risk
6646-QVXLR,1,0,0.1090016,Low Risk
0254-KCJGT,0,0,0.036847282,Low Risk
3442-ZHHCC,0,0,0.12707981,Low Risk
9167-APMXZ,0,0,0.4359846,Low Risk
0616-ATFGB,1,1,0.86202693,High Risk
7273-TEFQD,1,1,0.9036489,High Risk
8245-UMPYT,1,1,0.6121461,Medium Risk
6022-UGGSO,1,1,0.8931158,High Risk
6292-TOSSS,0,0,0.024178106,Low Risk
5207-PLSTK,0,1,0.64578724,Medium Risk
3908-BLSYF,1,1,0.67973524,Medium Risk
4317-VTEOA,1,1,0.73553807,Medium Risk
0625-AFOHS,0,0,0.0012127906,Low Risk
4667-OHGKG,1,0,0.49575576,Low Risk
2386-OWURY,0,0,0.26193878,Low Risk
3780-DDGSE,0,0,0.016727755,Low Risk
1047-RNXZV,0,0,0.0067059146,Low Risk
3926-YZVVX,0,0,0.023120508,Low Risk
4742-TXUEX,0,0,0.0033876058,Low Risk
8709-KRDVL,0,1,0.518511,Medium Risk
0397-ZXWQF,0,0,0.00063632434,Low Risk
3910-MRQOY,0,0,0.00067925744,Low Risk
2511-MORQY,0,0,0.058211774,Low Risk
4039-PIMHX,0,0,0.015741572,Low Risk
8083-YTZES,1,1,0.81060904,High Risk
1346-PJWTK,0,0,0.007915165,Low Risk
3750-YHRYO,0,0,0.004972276,Low Risk
1236-WFCDV,1,0,0.3838836,Low Risk
5949-HGVJL,0,0,0.15992877,Low Risk
9112-WSNPU,0,1,0.66529965,Medium Risk
1360-JYXKQ,0,1,0.521369,Medium Risk
3585-ISXZP,1,1,0.8092565,High Risk
8380-PEFPE,1,1,0.87114346,High Risk
9402-ROUMJ,0,0,0.31245974,Low Risk
4335-UPJSI,0,0,0.0061266124,Low Risk
6096-EGVTU,0,0,0.0046318127,Low Risk
8988-ECPJR,1,0,0.4990099,Low Risk
7677-SJJJK,0,0,0.0074385367,Low Risk
5850-BDWCY,0,0,0.06571624,Low Risk
2025-JKFWI,1,1,0.8187144,High Risk
8028-PNXHQ,0,0,0.0014122629,Low Risk
8397-MVTAZ,1,1,0.78778017,High Risk
4445-ZJNMU,0,1,0.965247,High Risk
3125-RAHBV,0,0,0.004118004,Low Risk
6682-QJDGB,1,0,0.24941899,Low Risk
8840-DQLGN,1,0,0.16840354,Low Risk
6258-NGCNG,0,0,0.13803542,Low Risk
5917-RYRMG,0,0,0.0029087176,Low Risk
7157-SMCFK,0,0,0.04201673,Low Risk
0816-TSPHQ,0,0,0.061926644,Low Risk
6766-HFKLA,0,0,0.014345146,Low Risk
7067-KSAZT,1,0,0.4403576,Low Risk
5155-AZQPB,0,0,0.007837996,Low Risk
6890-PFRQX,0,0,0.0109355785,Low Risk
3508-VLHCZ,0,0,0.00051983306,Low Risk
3649-JPUGY,0,0,0.0010362061,Low Risk
9248-OJYKK,1,1,0.983431,High Risk
7239-HZZCX,1,0,0.31502944,Low Risk
9860-LISIZ,0,0,0.007991555,Low Risk
6979-ZNSFF,1,1,0.61266154,Medium Risk
8938-UMKPI,1,0,0.45776695,Low Risk
1820-DJFPH,0,0,0.00022528142,Low Risk
0732-OCQOC,0,0,0.00316653,Low Risk
6776-TLWOI,1,0,0.23989253,Low Risk
4940-KHCWD,0,0,0.0028991383,Low Risk
9057-SIHCH,1,1,0.8918417,High Risk
9866-QEVEE,1,0,0.35177234,Low Risk
5542-TBBWB,0,1,0.9184962,High Risk
4587-VVTOX,1,1,0.89642817,High Risk
6322-HRPFA,0,0,0.105892316,Low Risk
6284-AHOOQ,1,0,0.24395542,Low Risk
4530-NDRKU,0,0,0.0059162127,Low Risk
1751-NCDLI,0,1,0.82263386,High Risk
3893-JRNFS,0,0,0.06756292,Low Risk
5857-XRECV,0,0,0.021794494,Low Risk
3115-CZMZD,0,0,0.009332981,Low Risk
4489-SNOJF,1,0,0.19871673,Low Risk
1051-GEJLJ,0,0,0.20485833,Low Risk
3563-SVYLG,0,0,0.001831185,Low Risk
4301-VVZKA,0,1,0.5834844,Medium Risk
9351-HXDMR,0,0,0.0126056345,Low Risk
5161-XEUVX,0,0,0.043035887,Low Risk
3088-FVYWK,0,0,0.06372909,Low Risk
9812-GHVRI,0,0,0.4871625,Low Risk
1370-GGAWX,0,0,0.13706544,Low Risk
6023-YEBUP,1,1,0.8616482,High Risk
9940-RHLFB,1,1,0.5960843,Medium Risk
4541-RMRLG,1,0,0.04386875,Low Risk
2606-RMDHZ,1,0,0.39338946,Low Risk
5575-TPIZQ,0,0,0.13648564,Low Risk
9378-FXTIZ,1,0,0.03924611,Low Risk
4631-OACRM,1,1,0.9248845,High Risk
8593-WHYHV,1,1,0.924614,High Risk
1403-GYAFU,0,0,7.153414e-05,Low Risk
7641-TQFHN,0,0,0.0057646995,Low Risk
4237-CLSMM,0,0,0.07181276,Low Risk
4360-PNRQB,0,0,0.16186295,Low Risk
5334-AFQJB,0,0,0.0008519551,Low Risk
9308-ANMVE,0,0,0.08319144,Low Risk
3530-VWVGU,0,0,0.024882553,Low Risk
4674-HGNUA,0,0,0.00056789076,Low Risk
3030-YDNRM,0,1,0.71328765,Medium Risk
3642-BYHDO,0,0,0.00015023828,Low Risk
0440-UEDAI,0,0,0.06499172,Low Risk
9819-FBNSV,0,0,0.42708656,Low Risk
9289-LBQVU,0,0,0.12722561,Low Risk
4468-YDOVK,0,0,0.3720961,Low Risk
2001-EWBQU,0,0,0.082303196,Low Risk
9992-UJOEL,0,0,0.47345814,Low Risk
8409-WQJUX,0,0,0.10224532,Low Risk
3077-RSNTJ,0,0,0.038941294,Low Risk
6993-YCOBK,0,0,0.05820896,Low Risk
4817-VYYWS,1,1,0.649794,Medium Risk
4702-HDRKD,0,0,0.009043321,Low Risk
3251-YMVWZ,0,0,0.12579893,Low Risk
4190-MFLUW,1,0,0.17987815,Low Risk
4678-DVQEO,1,1,0.745664,Medium Risk
4701-AHWMW,1,0,0.04337119,Low Risk
2987-BJXIK,0,0,0.00046745013,Low Risk
1730-VFMWO,0,0,0.015039633,Low Risk
1936-UAFEH,0,0,0.016492112,Low Risk
5140-FOMCQ,0,0,0.08108051,Low Risk
8778-LMWTJ,0,1,0.6330403,Medium Risk
9840-DVNDC,1,1,0.7693501,High Risk
8033-VCZGH,0,0,0.16237293,Low Risk
8580-QVLOC,1,0,0.0008580703,Low Risk
6128-AQBMT,0,1,0.77824265,High Risk
6257-RJOHI,0,0,0.25095314,Low Risk
1929-ZCBHE,0,0,0.026789462,Low Risk
6242-SGYTS,0,0,0.0039020386,Low Risk
7010-ZMVBF,0,0,0.008476734,Low Risk
3519-ZKXGG,1,1,0.83989894,High Risk
5666-MBJPT,0,0,0.0006693706,Low Risk
3313-QKNKB,1,0,0.065271854,Low Risk
7581-EBBOU,0,0,0.006958673,Low Risk
1784-BXEFA,0,0,0.011870945,Low Risk
7492-TAFJD,0,0,0.02266462,Low Risk
5213-TWWJU,0,0,0.16802208,Low Risk
3312-ZWLGF,0,0,0.48572925,Low Risk
2923-ARZLG,0,0,0.053440306,Low Risk
7032-LMBHI,0,0,0.019049322,Low Risk
8292-ITGYJ,0,0,0.008702425,Low Risk
9107-UKCKY,0,0,0.10151522,Low Risk
6848-HJTXY,0,0,0.0025945234,Low Risk
4184-VODJZ,0,0,0.106408514,Low Risk
4846-WHAFZ,1,1,0.5625706,Medium Risk
8735-SDUFN,0,0,0.00028615398,Low Risk
0839-JTCUD,0,0,0.009298163,Low Risk
6857-VWJDT,1,1,0.95318246,High Risk
7363-QTBIW,0,1,0.7149635,Medium Risk
6158-HDPXZ,0,1,0.6986096,Medium Risk
5419-CONWX,1,1,0.96645254,High Risk
9286-DOJGF,1,0,0.40872902,Low Risk
2408-PSJVE,0,0,0.043894257,Low Risk
2087-QAREY,0,0,0.26979053,Low Risk
6777-TGHTM,1,0,0.064733945,Low Risk
6507-ZJSUR,0,0,0.40461326,Low Risk
5025-GOOKI,0,0,0.029843409,Low Risk
6080-LNESI,0,0,0.0051797987,Low Risk
2236-HILPA,0,0,0.00036524425,Low Risk
1386-ZIKUV,0,0,0.02764492,Low Risk
3365-SAIGS,0,0,0.45191866,Low Risk
6061-GWWAV,0,0,0.021516262,Low Risk
9979-RGMZT,0,1,0.78623974,High Risk
8445-DNBAE,0,0,0.28743425,Low Risk
6872-HXFNF,0,0,0.0031560746,Low Risk
1320-HTRDR,1,1,0.78767616,High Risk
3923-CSIHK,1,0,0.26055434,Low Risk
2446-ZKVAF,0,0,0.1145231,Low Risk
4640-UHDOS,1,0,0.24585137,Low Risk
5457-COLHT,0,0,0.0043769637,Low Risk
2254-DLXRI,0,1,0.96490324,High Risk
5339-PXDVH,0,0,0.49548882,Low Risk
2386-LAHRK,1,1,0.7250315,Medium Risk
5062-CJJKH,0,0,0.08720399,Low Risk
8930-XOTDP,0,0,0.1860875,Low Risk
4779-ZGICK,0,0,0.0048049367,Low Risk
9534-NSXEM,0,0,0.0034708702,Low Risk
3716-BDVDB,1,1,0.95709604,High Risk
9842-EFSYY,0,0,0.34236544,Low Risk
9122-UMROB,0,0,0.13973552,Low Risk
1867-BDVFH,1,1,0.7146403,Medium Risk
5949-EBSQK,1,0,0.08438135,Low Risk
4160-AMJTL,1,0,0.17333429,Low Risk
8622-ZLFKO,0,1,0.92825717,High Risk
2990-IAJSV,0,0,0.0008239131,Low Risk
6064-ZATLR,0,0,0.016218886,Low Risk
7409-KIUTL,1,1,0.8464724,High Risk
5505-OVWQW,0,0,0.014032031,Low Risk
3948-KXDUF,0,0,0.0007784516,Low Risk
9814-AOUDH,0,0,0.025525639,Low Risk
7398-LXGYX,0,0,0.072668895,Low Risk
5266-PFRQK,0,0,0.00942701,Low Risk
1568-BEKZM,0,0,0.004466266,Low Risk
2692-PFYTJ,0,0,0.11985578,Low Risk
2533-QVMSK,1,0,0.05758298,Low Risk
5828-AVIPD,1,1,0.50891906,Medium Risk
2907-ILJBN,0,0,0.011193421,Low Risk
5226-NOZFC,0,1,0.61800104,Medium Risk
7114-AEOZE,0,0,0.014656243,Low Risk
2202-CUYXZ,1,1,0.9473544,High Risk
3466-RITXD,0,1,0.56993186,Medium Risk
7278-CKDNC,0,1,0.774027,High Risk
1956-YIFGE,0,1,0.8423771,High Risk
0422-UXFAP,0,0,0.18889074,Low Risk
3733-UOCWF,0,0,0.0037754383,Low Risk
7191-ADRGF,0,0,0.17824356,Low Risk
5709-LVOEQ,0,0,0.018811211,Low Risk
6034-YMTOB,0,0,0.21003541,Low Risk
6372-RFVNS,1,1,0.99088,High Risk
9052-DHNKM,0,0,0.029304147,Low Risk
5609-IMCGG,0,0,0.2432639,Low Risk
2959-MJHIC,1,1,0.85610586,High Risk
1319-YLZJG,0,0,0.45720974,Low Risk
7623-TRNQN,1,0,0.2097681,Low Risk
0377-JBKKT,0,0,0.05734057,Low Risk
1936-CZAKF,0,0,0.008960238,Low Risk
5063-IUOKK,0,0,0.0032404666,Low Risk
8646-JCOMS,0,0,0.044811048,Low Risk
0979-MOZQI,0,0,0.016366024,Low Risk
1525-LNLOJ,0,0,0.004000924,Low Risk
5759-RCVCB,1,0,0.36695188,Low Risk
9968-FFVVH,0,0,0.0021066142,Low Risk
2266-FUBDZ,0,0,0.0137471175,Low Risk
4760-THGOT,0,0,0.19982961,Low Risk
2307-FYNNL,0,1,0.6793645,Medium Risk
1143-NMNQJ,1,1,0.9583997,High Risk
1629-DQQVB,0,0,0.1440284,Low Risk
3766-EJLFL,0,0,0.2822266,Low Risk
8457-XIGKN,0,0,0.049494363,Low Risk
4981-FLTMF,0,0,0.008587832,Low Risk
7606-BPHHN,0,0,3.5894896e-05,Low Risk
7005-CCBKV,1,0,0.48963907,Low Risk
4648-YPBTM,0,0,0.0007783623,Low Risk
2325-ZUSFD,1,0,0.010720558,Low Risk
1240-KNSEZ,1,1,0.7213778,Medium Risk
0430-IHCDJ,0,1,0.8075007,High Risk
7957-RYHQD,1,1,0.7561062,High Risk
6164-HAQTX,0,0,0.0011145694,Low Risk
0749-IRGQE,0,1,0.57054096,Medium Risk
1227-UDMZR,0,0,0.0006304399,Low Risk
5473-KHBPS,0,0,0.06427101,Low Risk
5297-MDOIR,0,0,0.0012719186,Low Risk
8873-TMKGR,0,0,7.942965e-05,Low Risk
6481-ESCNL,0,0,0.28416753,Low Risk
0463-WZZKO,0,0,0.07047537,Low Risk
1038-RQOST,0,0,0.019543936,Low Risk
4937-QPZPO,0,1,0.92292565,High Risk
3604-WLABM,0,0,0.35121655,Low Risk
1360-XFJMR,0,0,0.025050204,Low Risk
8717-VCTXJ,0,0,0.0028207332,Low Risk
5196-SGOAK,1,1,0.96398973,High Risk
8739-XNIKG,0,1,0.804778,High Risk
2320-TZRRH,0,0,0.0047999388,Low Risk
5186-SAMNZ,1,1,0.94771755,High Risk
5760-FXFVO,0,1,0.5465625,Medium Risk
5380-WJKOV,1,1,0.5460411,Medium Risk
4703-MQYKT,0,0,0.0024828932,Low Risk
2001-MCUUW,0,0,0.36533618,Low Risk
4947-DSMXK,0,0,0.28247255,Low Risk
0076-LVEPS,0,0,0.015958179,Low Risk
5566-SOEZD,0,0,0.026958428,Low Risk
7408-OFWXJ,0,0,0.000530254,Low Risk
1097-FSPVW,0,0,0.056239054,Low Risk
4412-YLTKF,1,0,0.47718695,Low Risk
0420-TXVSG,0,0,0.0039188196,Low Risk
7817-BOQPW,1,1,0.7879937,High Risk
0963-ZBDRN,1,0,0.26082078,Low Risk
9685-WKZGT,1,1,0.8205987,High Risk
2139-FQHLM,0,0,0.38241148,Low Risk
5825-XJOCM,0,0,0.022841673,Low Risk
0004-TLHLJ,1,1,0.7409172,Medium Risk
7529-ZDFXI,0,0,0.17294069,Low Risk
6848-YLDFR,0,0,0.06348862,Low Risk
5820-PTRYM,0,0,0.007468536,Low Risk
2984-RGEYA,0,0,0.0012860169,Low Risk
6434-TTGJP,0,0,0.0030333155,Low Risk
9643-AVVWI,0,1,0.7971735,High Risk
3506-OVLKD,0,0,0.0064418493,Low Risk
4946-EDSEW,1,0,0.030553726,Low Risk
2924-KHUVI,0,1,0.66534483,Medium Risk
2263-SFSQZ,0,0,0.0031567197,Low Risk
5281-BUZGT,1,0,0.23269716,Low Risk
3717-FDJFU,0,0,0.0028240425,Low Risk
2239-CFOUJ,0,0,0.015087763,Low Risk
8699-ASUFO,1,1,0.8501163,High Risk
1122-YJBCS,0,0,0.0075319055,Low Risk
0628-CNQRM,1,0,0.09110273,Low Risk
1705-GUHPV,0,0,0.00056362856,Low Risk
4877-TSOFF,0,0,0.0060682283,Low Risk
7404-JLKQG,0,1,0.7292863,Medium Risk
0379-DJQHR,0,0,0.0071498025,Low Risk
8993-PHFWD,1,0,0.38761422,Low Risk
3930-ZGWVE,0,0,0.31502944,Low Risk
1965-DDBWU,1,0,0.13518791,Low Risk
7572-KPVKK,0,0,0.039448593,Low Risk
6854-EXGSF,0,0,0.080132864,Low Risk
9483-GCPWE,0,0,0.029101454,Low Risk
8053-WWDRO,1,0,0.09368525,Low Risk
9473-CBZOP,0,0,0.0037124627,Low Risk
3985-HOYPM,0,0,0.0016409304,Low Risk
8378-LKJAF,0,0,0.48974437,Low Risk
1310-QRITU,0,0,0.39302915,Low Risk
3237-AJGEH,1,0,0.25422323,Low Risk
6542-LWGXJ,0,1,0.66352737,Medium Risk
6953-PBDIN,0,0,0.01731876,Low Risk
6332-FBZRI,0,0,0.03975159,Low Risk
9365-CSLBQ,0,0,7.5493226e-05,Low Risk
3466-WAESX,0,0,0.1707263,Low Risk
9700-ISPUP,0,0,0.18745002,Low Risk
5167-ZFFMM,1,1,0.9200781,High Risk
7669-LCRSD,0,0,0.13211216,Low Risk
0870-VEMYL,1,0,0.27007827,Low Risk
2995-UPRYS,1,0,0.29856083,Low Risk
3179-GBRWV,0,0,0.27729622,Low Risk
0701-TJSEF,0,0,0.04005876,Low Risk
1848-LBZHY,0,0,0.21011561,Low Risk
5380-XPJNZ,0,0,0.001297555,Low Risk
6608-QQLVK,1,1,0.8788879,High Risk
1475-VWVDO,0,1,0.6284415,Medium Risk
3721-CNEYS,1,1,0.6937308,Medium Risk
4299-OPXEJ,0,0,0.09779758,Low Risk
0096-BXERS,0,0,0.43863553,Low Risk
3055-VTCGS,0,0,0.008419759,Low Risk
9405-GPBBG,0,0,0.009607265,Low Risk
6704-UTUKK,0,0,0.32468596,Low Risk
9944-AEXBM,0,0,0.4035007,Low Risk
2545-EBUPK,0,1,0.93793255,High Risk
6270-OMFIW,1,0,0.36457276,Low Risk
1852-XEMDW,0,0,0.130764,Low Risk
8158-WPEZG,0,0,0.30628222,Low Risk
5198-EFNBM,0,0,0.16453229,Low Risk
7663-RGWBC,1,0,0.4142868,Low Risk
3970-XGJDU,0,0,0.0005567383,Low Risk
6845-RGTYS,1,0,0.37071764,Low Risk
0123-CRBRT,0,0,0.0007784283,Low Risk
6077-BDPXA,0,1,0.5754519,Medium Risk
2250-IVBWA,0,0,0.047124498,Low Risk
6137-NICCO,0,1,0.9869846,High Risk
8129-GMVGI,0,0,0.006191523,Low Risk
4353-HYOJD,0,0,0.010492372,Low Risk
8671-KKKOS,0,0,0.076624654,Low Risk
8080-DDEMJ,1,1,0.74568135,Medium Risk
6698-OXETB,0,0,0.0012604034,Low Risk
3312-UUMZW,0,0,0.3244045,Low Risk
6376-GAHQE,1,1,0.80896455,High Risk
0733-VUNUW,1,0,0.02618067,Low Risk
6733-LRIZX,0,0,0.06543828,Low Risk
2165-VOEGB,1,0,0.11380749,Low Risk
1853-UDXBW,1,1,0.88978004,High Risk
9070-BCKQP,0,0,0.0024829735,Low Risk
1035-IPQPU,0,0,0.08060069,Low Risk
2057-ZBLPD,1,1,0.5199705,Medium Risk
6967-PEJLL,0,0,0.06399346,Low Risk
7879-CGSFV,0,0,0.2002163,Low Risk
2257-BOVXD,0,0,0.10448761,Low Risk
9822-BIIGN,0,0,0.043802187,Low Risk
1136-XGEQU,0,0,0.100717284,Low Risk
2439-LYPMQ,0,1,0.5643027,Medium Risk
6543-XRMYR,1,1,0.53317404,Medium Risk
5753-QQWPW,0,0,0.015224381,Low Risk
4785-QRJHC,1,0,0.16128649,Low Risk
0052-YNYOT,0,0,0.009800349,Low Risk
7054-LGEQW,1,0,0.36989132,Low Risk
0608-JDVEC,0,0,0.004008273,Low Risk
6284-KMNUF,0,0,0.173058,Low Risk
6286-SUUWT,0,1,0.59430224,Medium Risk
3594-KADLU,0,1,0.59010327,Medium Risk
0536-ACXIP,0,0,0.004388035,Low Risk
8869-TORSS,1,0,0.06641707,Low Risk
0373-AIVNJ,0,0,0.03335431,Low Risk
6429-SHBCB,0,0,0.017595073,Low Risk
5751-USDBL,0,0,0.0031042062,Low Risk
6815-ABQFQ,0,0,0.29381028,Low Risk
9450-TRJUU,0,1,0.58720213,Medium Risk
2805-AUFQN,0,0,0.008952095,Low Risk
7855-DIWPO,0,1,0.55354714,Medium Risk
0174-QRVVY,0,0,0.00022502121,Low Risk
9507-EXLTT,1,1,0.96888036,High Risk
8390-FESFV,0,0,0.0010600287,Low Risk
0661-KBKPA,0,0,0.12818158,Low Risk
6856-RAURS,0,1,0.62532747,Medium Risk
7322-OCWHC,0,0,0.00027120917,Low Risk
2203-GHNWN,0,0,0.31080624,Low Risk
3413-CSSTH,0,0,0.1372725,Low Risk
3006-XIMLN,1,1,0.92847055,High Risk
3750-CKVKH,1,1,0.73213714,Medium Risk
0576-WNXXC,1,0,0.4842881,Low Risk
7056-IMHCC,1,1,0.73200333,Medium Risk
0866-QLSIR,1,0,0.027590815,Low Risk
1628-BIZYP,0,1,0.93132406,High Risk
2230-XTUWL,0,0,0.0042813825,Low Risk
1980-KXVPM,1,1,0.77780885,High Risk
8619-IJNDK,0,0,0.0013759985,Low Risk
2960-NKRSO,0,0,0.1842776,Low Risk
6705-LXORM,0,0,0.41076612,Low Risk
7130-VTEWQ,1,1,0.5784592,Medium Risk
9364-YKUVW,0,0,0.42572302,Low Risk
2761-OCIAX,1,0,0.4716993,Low Risk
7996-BPXHY,0,0,0.0018128658,Low Risk
4248-QPAVC,1,0,0.41043973,Low Risk
9357-UJRUN,0,0,0.10170244,Low Risk
6340-DACFT,0,0,0.0019491378,Low Risk
1023-BQXZE,0,0,0.004661763,Low Risk
5480-HPRRX,1,1,0.8396393,High Risk
9576-SYUHJ,0,0,0.12714121,Low Risk
2169-RRLFW,0,0,0.00055369776,Low Risk
8338-QIUNR,0,0,0.005642168,Low Risk
0463-TXOAK,0,0,0.015494552,Low Risk
4396-KLSEH,0,0,0.16850688,Low Risk
5186-EJEGL,0,0,0.097417936,Low Risk
9334-GWGOW,0,1,0.89486706,High Risk
5696-JVVQY,0,0,0.017459597,Low Risk
9633-DENPU,0,0,0.16790955,Low Risk
0581-BXBUB,0,0,0.32224178,Low Risk
2750-BJLSB,0,0,0.04843032,Low Risk
2770-NSVDG,0,0,0.3146744,Low Risk
8280-MQRQN,1,1,0.84693694,High Risk
7851-FLGGQ,1,0,0.1707088,Low Risk
9374-YOLBJ,0,0,0.28333503,Low Risk
6583-SZVGP,0,1,0.63426656,Medium Risk
2150-OEGBV,0,0,0.0025692657,Low Risk
9372-TXXPS,0,0,0.0071209264,Low Risk
6933-FHBZC,0,0,0.030930698,Low Risk
4698-KVLLG,0,0,0.004982733,Low Risk
8752-STIVR,1,1,0.8551744,High Risk
8623-ULFNQ,0,0,0.13495882,Low Risk
9822-WMWVG,0,0,0.45022395,Low Risk
4304-TSPVK,0,0,0.08677873,Low Risk
1716-LSAMB,0,0,0.005889153,Low Risk
3523-QRQLL,1,0,0.117678165,Low Risk
2187-PKZAY,0,1,0.6248653,Medium Risk
1895-QTKDO,0,0,0.40954512,Low Risk
8161-QYMTT,0,1,0.89205396,High Risk
2955-PSXOE,1,0,0.4607111,Low Risk
6834-NXDCA,1,1,0.5283461,Medium Risk
8701-DGLVH,0,0,0.0029072808,Low Risk
2480-SQIOB,0,1,0.5689436,Medium Risk
4993-JCRGJ,0,0,0.24454352,Low Risk
0581-MDMPW,0,1,0.5136181,Medium Risk
7789-CRUVC,0,0,0.008967405,Low Risk
0164-APGRB,0,0,0.0018291544,Low Risk
8034-RYTVV,0,0,0.0046155225,Low Risk
3018-TFTSU,1,0,0.24739397,Low Risk
9777-IQHWP,0,0,0.03436096,Low Risk
6899-PPEEA,1,1,0.67426544,Medium Risk
6701-YVNQG,0,0,0.00016199282,Low Risk
7649-PHJVR,0,0,0.0054969904,Low Risk
9278-VZKCD,0,0,0.32379934,Low Risk
7636-PEPNS,0,0,0.018099213,Low Risk
1575-KRZZE,0,1,0.5415585,Medium Risk
8590-OHDIW,0,0,0.0012382753,Low Risk
7764-BDPEE,0,0,0.07229823,Low Risk
9480-BQJEI,0,0,0.009748488,Low Risk
3354-OADJP,0,0,0.04437378,Low Risk
3181-MIZBN,0,0,0.4841262,Low Risk
9327-QSDED,0,0,0.12901846,Low Risk
4892-VLANZ,1,0,0.33210123,Low Risk
0298-XACET,0,0,0.004213677,Low Risk
6917-FIJHC,0,0,0.00036056116,Low Risk
6557-BZXLQ,0,0,0.43408403,Low Risk
2432-TFSMK,0,0,0.20082584,Low Risk
4211-MMAZN,1,0,0.13973552,Low Risk
4751-ERMAN,0,0,0.009093802,Low Risk
8430-TWCBX,0,0,0.008758721,Low Risk
1942-OQFRW,0,0,0.39261928,Low Risk
4075-JFPGR,0,0,0.09479079,Low Risk
3339-EAQNV,0,0,0.0055231643,Low Risk
5329-KRDTM,0,0,0.0042207213,Low Risk
0307-BCOPK,0,0,0.0008552574,Low Risk
6473-ULUHT,0,0,0.16900073,Low Risk
1194-SPVSP,0,0,0.22769028,Low Risk
7249-WBIYX,1,1,0.8527415,High Risk
2293-IJWPS,0,0,0.3315389,Low Risk
4377-VDHYI,0,0,0.14211984,Low Risk
0019-EFAEP,0,0,0.001140765,Low Risk
2480-EJWYP,0,0,0.3708568,Low Risk
8970-ANWXO,0,0,0.020245468,Low Risk
8739-WWKDU,1,1,0.8408189,High Risk
2171-UDMFD,0,0,0.13963844,Low Risk
7036-TYDEC,0,0,0.110190175,Low Risk
3831-YCPUO,0,0,0.0019148107,Low Risk
0121-SNYRK,0,0,0.0014489645,Low Risk
3325-FUYCG,1,0,0.26294842,Low Risk
1952-DVVSW,0,0,0.043573424,Low Risk
3571-DPYUH,0,0,0.05247515,Low Risk
2077-MPJQO,0,1,0.7628595,High Risk
2391-SOORI,1,1,0.53107774,Medium Risk
4086-ATNFV,0,0,0.029347446,Low Risk
3396-DKDEL,0,0,0.014344775,Low Risk
7471-MQPOS,0,0,0.011501354,Low Risk
7181-OQCUT,0,1,0.8345688,High Risk
3489-VSFRD,0,0,0.018192392,Low Risk
6283-GITPX,0,0,0.0003621995,Low Risk
2845-HSJCY,1,1,0.5391775,Medium Risk
7216-KAOID,0,0,0.00416682,Low Risk
6680-WKXRZ,1,0,0.4841944,Low Risk
2346-LOCWC,0,0,0.0017129682,Low Risk
0769-MURVM,0,0,0.0005043898,Low Risk
3374-LXDEV,1,1,0.7322088,Medium Risk
5318-YKDPV,0,0,0.0017064055,Low Risk
8190-ZTQFB,0,1,0.57190156,Medium Risk
4512-ZUIYL,1,1,0.6252994,Medium Risk
3090-QFUVD,0,0,0.15337153,Low Risk
4806-KEXQR,1,1,0.7161612,Medium Risk
2369-FEVNO,0,1,0.6986074,Medium Risk
9637-CDTKZ,0,0,0.0016056165,Low Risk
2954-PIBKO,0,0,0.004345172,Low Risk
2212-LYASK,0,0,0.015265271,Low Risk
9481-SFCQY,0,0,0.25126836,Low Risk
2828-SLQPF,0,0,0.21929823,Low Risk
4647-MUZON,0,1,0.59975207,Medium Risk
8212-DJRCH,0,1,0.5644772,Medium Risk
0516-OOHAR,0,0,0.039491795,Low Risk
4973-RLZVI,0,0,0.22209866,Low Risk
8089-UZWLX,0,0,0.012688255,Low Risk
9732-KPKBW,1,0,0.36335254,Low Risk
9715-WZCLW,0,0,0.024872473,Low Risk
0257-KXZGU,0,0,0.044783473,Low Risk
0707-HOVVN,0,0,0.049861215,Low Risk
5501-TVMGM,0,1,0.8315325,High Risk
3422-LYEPQ,1,1,0.90176153,High Risk
2277-VWCNI,0,1,0.61309934,Medium Risk
5461-QKNTN,0,0,0.19000167,Low Risk
3967-KXAPS,0,0,0.00058319763,Low Risk
6919-ELBGL,0,0,0.003984154,Low Risk
8361-LTMKD,1,1,0.7909114,High Risk
1131-ALZWV,0,0,0.030521603,Low Risk
5178-LMXOP,1,1,0.971378,High Risk
8992-CEUEN,0,0,0.08628542,Low Risk
3320-VEOYC,0,1,0.70339745,Medium Risk
3672-YITQD,1,1,0.88767016,High Risk
6080-TCMYC,0,0,0.3155931,Low Risk
6734-FQAJX,0,0,0.031633362,Low Risk
1063-DHQJF,0,0,0.0037525606,Low Risk
3976-NLDEZ,0,0,0.35003632,Low Risk
1729-VLAZJ,0,0,0.015460786,Low Risk
3400-ESFUW,1,0,0.006431743,Low Risk
5271-YNWVR,1,0,0.024230752,Low Risk
1587-FKLZB,1,1,0.56041616,Medium Risk
0958-YHXGP,0,0,0.3946333,Low Risk
1494-EJZDW,0,0,0.004029392,Low Risk
1816-FLZDK,0,0,0.16522877,Low Risk
2075-PUEPR,0,0,0.04048644,Low Risk
1833-TCXKK,0,0,0.36389568,Low Risk
1436-ZMJAN,0,0,0.12912981,Low Risk
0106-UGRDO,0,0,0.012337628,Low Risk
1069-XAIEM,1,1,0.98421127,High Risk
4213-HKBJO,0,0,0.12762071,Low Risk
8345-MVDYC,0,0,0.0018338156,Low Risk
2672-OJQZP,0,0,0.4112295,Low Risk
5136-RGMZO,0,0,0.100033626,Low Risk
5774-QPLTF,0,0,0.000787257,Low Risk
5240-CAOYT,0,0,0.005396975,Low Risk
3707-GNWHM,1,1,0.88475347,High Risk
5159-YFPKQ,1,1,0.8727251,High Risk
5052-PNLOS,1,1,0.8190392,High Risk
6173-GOLSU,0,1,0.6509232,Medium Risk
6661-HBGWL,1,1,0.6205874,Medium Risk
8207-VVMYB,0,0,0.00050308305,Low Risk
5324-KTGCG,0,0,0.0029558828,Low Risk
7354-OIJLX,0,1,0.54563487,Medium Risk
9286-BHDQG,0,0,0.000121810954,Low Risk
3567-PQTSO,0,0,0.24142846,Low Risk
3197-ARFOY,0,1,0.6080329,Medium Risk
5698-BQJOH,1,1,0.853166,High Risk
1090-ESELR,0,0,0.0054100626,Low Risk
0056-EPFBG,0,0,0.0021856825,Low Risk
4955-VCWBI,0,0,0.002114042,Low Risk
4717-GHADL,0,0,0.003191808,Low Risk
0058-EVZWM,0,0,0.06947986,Low Risk
7218-HKQFK,1,1,0.5079021,Medium Risk
5057-RKGLH,0,0,0.0037338643,Low Risk
2309-OSFEU,1,1,0.5221828,Medium Risk
3429-IFLEM,0,0,0.00075156667,Low Risk
1550-LOAHA,1,0,0.47900933,Low Risk
1400-MMYXY,1,1,0.9371288,High Risk
7503-QQRVF,1,1,0.5849511,Medium Risk
7504-UWHNB,0,0,0.39345187,Low Risk
9565-JSNFM,1,0,0.07382736,Low Risk
4735-BJKOU,0,0,0.0012999319,Low Risk
3580-GICBM,0,0,0.0031161844,Low Risk
7632-YUTXB,0,0,0.0069344137,Low Risk
9412-ARGBX,1,0,0.05519231,Low Risk
9576-ANLXO,1,1,0.57572925,Medium Risk
1110-KYLGQ,0,0,0.022101115,Low Risk
8696-JKZNU,1,0,0.4113442,Low Risk
8757-TFHHJ,0,0,0.19869679,Low Risk
2955-BJZHG,1,1,0.5978867,Medium Risk
9048-JVYVF,1,0,0.06572723,Low Risk
0682-USIXD,0,0,0.45362717,Low Risk
3884-UEBXB,0,0,0.0005527981,Low Risk
1776-SPBWV,0,0,0.0072592474,Low Risk
9050-QLROH,1,0,0.20574777,Low Risk
2925-VDZHY,0,0,0.00019590338,Low Risk
9512-UIBFX,1,0,0.38714528,Low Risk
8676-TRMJS,1,0,0.29997298,Low Risk
3334-CTHOL,1,0,0.2606478,Low Risk
6331-LWDTQ,1,0,0.11391184,Low Risk
3847-BAERP,0,0,0.084210016,Low Risk
4709-LKHYG,0,0,0.005141901,Low Risk
8621-MNIHH,1,0,0.29940975,Low Risk
8884-ADFVN,1,1,0.83358216,High Risk
2885-HIJDH,0,0,0.0064045587,Low Risk
8570-KLJYJ,0,0,0.004477863,Low Risk
9339-FIIJL,0,0,0.0013807346,Low Risk
6223-DHJGV,0,0,0.0006722842,Low Risk
0959-WHOKV,0,0,0.36153087,Low Risk
9610-WCESF,0,0,0.12195962,Low Risk
9279-CJEOJ,0,1,0.57422936,Medium Risk
2985-FMWYF,0,1,0.560583,Medium Risk
3540-RZJYU,1,0,0.26202515,Low Risk
2522-WLNSF,0,0,0.01163074,Low Risk
6861-XWTWQ,1,1,0.9823485,High Risk
8735-NBLWT,0,0,0.03659756,Low Risk
1744-JHKYS,0,0,0.0064782784,Low Risk
0841-NULXI,1,1,0.9376209,High Risk
4016-BJKTZ,0,0,0.27836803,Low Risk
9298-WGMRW,0,0,0.002344574,Low Risk
7893-IXHRQ,1,0,0.3385392,Low Risk
8785-CJSHH,0,1,0.57598686,Medium Risk
7654-YWJUF,0,0,0.04705722,Low Risk
8909-BOLNL,0,0,0.026823418,Low Risk
9919-FZDED,0,0,0.0002883034,Low Risk
0322-CHQRU,1,0,0.4693438,Low Risk
3587-PMCOY,0,1,0.80274636,High Risk
0655-RBDUG,1,1,0.95509404,High Risk
0983-TATYJ,0,0,0.010074253,Low Risk
5650-YLIBA,0,0,0.48431158,Low Risk
5144-TVGLP,0,1,0.5042251,Medium Risk
3569-EDBPQ,0,1,0.5937851,Medium Risk
4945-RVMTE,0,0,0.03254899,Low Risk
3511-BFTJW,0,0,0.00017727121,Low Risk
5537-UXXVS,0,0,0.09477699,Low Risk
8782-NUUOL,0,0,0.005102892,Low Risk
2865-TCHJW,1,1,0.8924789,High Risk
9931-KGHOA,0,0,0.048326988,Low Risk
3071-MVJCD,0,0,0.00028802507,Low Risk
7279-BUYWN,1,1,0.8300333,High Risk
3756-VNWDH,0,0,0.1907902,Low Risk
1395-OFUWC,0,0,0.15848902,Low Risk
4223-BKEOR,0,0,0.042408574,Low Risk
0040-HALCW,0,0,0.00882684,Low Risk
7124-UGSUR,1,0,0.048656482,Low Risk
7395-XWZOY,0,0,0.18958074,Low Risk
5440-VHLUL,0,1,0.52269053,Medium Risk
4706-DGAHW,0,1,0.74568135,Medium Risk
8166-ORCHU,0,0,0.08251426,Low Risk
3978-YNKDD,0,0,0.0030386657,Low Risk
7198-GLXTC,1,1,0.8821126,High Risk
6366-XIVKZ,0,0,0.061504632,Low Risk
5133-POWUA,0,1,0.65419215,Medium Risk
8400-WZICQ,0,0,0.10732306,Low Risk
5382-SOYZL,0,1,0.7361946,Medium Risk
1989-PRJHP,1,0,0.22357138,Low Risk
4154-AQUGT,1,0,0.33336115,Low Risk
0980-FEXWF,0,0,0.0010697825,Low Risk
5845-BZZIB,0,0,0.0014472682,Low Risk
4840-ORQXB,0,0,0.45757833,Low Risk
0295-PPHDO,1,1,0.97333986,High Risk
8775-ERLNB,0,1,0.6388886,Medium Risk
0376-YMCJC,1,1,0.6546058,Medium Risk
7410-YTJIK,1,1,0.5004943,Medium Risk
9927-DSWDF,0,0,0.25896713,Low Risk
6681-ZSEXG,0,0,0.013728491,Low Risk
5702-KVQRD,0,0,0.0014569361,Low Risk
8711-LOBKY,0,0,0.006952379,Low Risk
9692-TUSXH,1,1,0.69707114,Medium Risk
4012-YCFAI,0,0,0.00072430336,Low Risk
8455-HIRAQ,0,0,0.21447349,Low Risk
7853-WNZSY,0,0,0.12507838,Low Risk
0390-DCFDQ,1,1,0.66182864,Medium Risk
6421-SZVEM,0,0,0.11835868,Low Risk
3094-JOJAI,0,0,0.18447526,Low Risk
4873-ILOLJ,1,1,0.5171604,Medium Risk
8181-YHCMF,0,0,0.0011201191,Low Risk
3324-OIRTO,0,0,0.024683584,Low Risk
9135-HSWOC,0,0,0.006617502,Low Risk
2272-WUSPA,0,0,0.002516543,Low Risk
4627-MIHJH,0,0,0.15941636,Low Risk
3896-RCYYE,0,0,0.049609948,Low Risk
6729-GDNGC,0,0,0.17076397,Low Risk
9945-PSVIP,0,0,0.003967104,Low Risk
4137-JOPHL,0,0,0.007910075,Low Risk
2720-FVBQP,0,0,0.36279407,Low Risk
7854-EKTJL,1,0,0.13362731,Low Risk
1133-KXCGE,0,0,0.016758125,Low Risk
6048-QBXKL,0,1,0.51803917,Medium Risk
6338-AVWCY,1,1,0.78135115,High Risk
0013-MHZWF,0,0,0.21335408,Low Risk
9804-ICWBG,1,1,0.9184962,High Risk
2368-GAKKQ,0,0,0.016294299,Low Risk
4829-AUOAX,1,0,0.4729162,Low Risk
7876-BEUTG,0,0,0.42025048,Low Risk
6349-JDHQP,0,0,0.03178813,Low Risk
3063-QFSZL,1,1,0.8417796,High Risk
9142-XMYJH,0,0,0.015646983,Low Risk
2609-IAICY,1,1,0.97259474,High Risk
8626-PTQGE,0,0,0.0064916858,Low Risk
0230-UBYPQ,0,0,0.002648054,Low Risk
6814-ZPWFQ,0,0,0.017614923,Low Risk
5921-NGYRH,0,0,0.008377003,Low Risk
7803-XOCCZ,0,0,0.17238621,Low Risk
1459-QNFQT,0,0,0.005576915,Low Risk
3948-FVVRP,0,0,0.06682352,Low Risk
0923-PNFUB,1,0,0.20713645,Low Risk
4654-ULTTN,0,0,0.060289565,Low Risk
5628-FCGYG,0,1,0.66644657,Medium Risk
0506-LVNGN,1,0,0.3486337,Low Risk
4329-YPDDQ,0,0,0.15935972,Low Risk
9866-OCCKE,0,0,0.002451782,Low Risk
0794-YVSGE,0,0,0.00018122549,Low Risk
4342-HENTK,1,0,0.44766957,Low Risk
5934-TSSAU,0,0,0.26003048,Low Risk
9986-BONCE,1,0,0.11406648,Low Risk
5301-GAUUY,1,0,0.17737597,Low Risk
0725-CXOTM,0,0,0.037103493,Low Risk
2843-CQMEG,0,0,0.029961191,Low Risk
5600-PDUJF,0,0,0.30142847,Low Risk
4500-HKANN,0,0,0.0015667835,Low Risk
1862-QRWPE,0,0,0.0066694715,Low Risk
2155-AMQRX,0,0,0.02388346,Low Risk
0823-HSCDJ,1,0,0.476936,Low Risk
4090-KPJIP,0,1,0.7386367,Medium Risk
2737-YNGYW,1,0,0.48449787,Low Risk
5619-XZZKR,0,0,0.012156185,Low Risk
6047-YHPVI,1,1,0.66600686,Medium Risk
8375-DKEBR,1,1,0.98348504,High Risk
7729-XBTWX,0,0,0.0077943313,Low Risk
4983-CLMLV,0,0,0.31471136,Low Risk
9227-LUNBG,1,0,0.3979324,Low Risk
2758-RNWXS,0,0,0.04979288,Low Risk
7055-HNEOJ,0,0,0.15457347,Low Risk
7134-MJPDY,0,1,0.6287602,Medium Risk
4560-WQAQW,0,0,0.0072034667,Low Risk
8532-UEFWH,0,0,0.0049334653,Low Risk
8541-QVFKM,0,1,0.6784828,Medium Risk
7129-ACFOG,0,0,0.35214213,Low Risk
2495-INZWQ,1,1,0.8401324,High Risk
0263-FJTQO,0,0,0.0023417696,Low Risk
0181-RITDD,0,0,0.014516644,Low Risk
8241-JUIQO,0,0,0.048511088,Low Risk
0913-XWSCN,0,0,0.08611753,Low Risk
2159-TURXX,0,0,0.06386915,Low Risk
6461-PPAXN,0,0,0.0075855576,Low Risk
1452-KIOVK,0,0,0.34151784,Low Risk
1139-WUOAH,0,0,0.0118595725,Low Risk
3207-OYBWH,1,0,0.37722754,Low Risk
8347-GDTMP,0,0,0.0014015803,Low Risk
9909-DFRJA,0,0,0.088120595,Low Risk
6383-ZTSIW,0,0,0.07223903,Low Risk
5438-QMDDL,0,0,0.12621751,Low Risk
8914-RBTSB,1,0,0.16003399,Low Risk
6164-HXUGH,0,0,0.10976524,Low Risk
6900-RBKER,0,0,0.0077551,Low Risk
1492-QGCLU,0,0,0.12668966,Low Risk
6664-FPDAC,1,0,0.06295171,Low Risk
1088-AUUZZ,0,0,0.0006429379,Low Risk
6651-AZVTJ,1,1,0.86355555,High Risk
8219-VYBVI,0,0,0.010361207,Low Risk
0310-MVLET,1,1,0.5474599,Medium Risk
7233-IOQNP,0,0,0.144754,Low Risk
7311-MQJCH,0,0,0.014381153,Low Risk
9256-JTBNZ,0,0,0.116153605,Low Risk
8713-IGZSO,0,0,0.09095781,Low Risk
6821-BUXUX,1,1,0.73748845,Medium Risk
9114-DPSIA,0,0,7.035671e-05,Low Risk
4501-UYKBC,0,0,0.09282444,Low Risk
2798-NYLMZ,0,1,0.66766536,Medium Risk
6711-VTNRE,1,0,0.16222385,Low Risk
5966-EMAZU,0,0,0.01469088,Low Risk
3627-FHKBK,1,0,0.4921047,Low Risk
7861-UVUFT,1,1,0.7136276,Medium Risk
9824-QCJPK,0,0,0.0009080514,Low Risk
7816-VGHTO,0,0,0.010124193,Low Risk
3794-NFNCH,0,0,0.049299978,Low Risk
3877-JRJIP,1,1,0.5742855,Medium Risk
5228-EXCET,1,0,0.28433368,Low Risk
6248-BSHKG,0,0,0.0042210943,Low Risk
8915-NNTRC,0,0,0.0029102834,Low Risk
3470-OBUET,0,0,0.08234344,Low Risk
3229-USWAR,0,0,0.016756311,Low Risk
1927-QEWMY,0,0,8.467415e-05,Low Risk
6374-AFWOX,0,0,0.0019683235,Low Risk
7912-SYRQT,1,1,0.77791387,High Risk
2070-FNEXE,1,0,0.34830073,Low Risk
5803-NQJZO,0,0,0.002036647,Low Risk
5651-YLPRD,0,1,0.706105,Medium Risk
1271-UODNO,0,0,0.0951265,Low Risk
5014-WUQMG,0,0,0.09378305,Low Risk
5889-JTMUL,1,0,0.28930733,Low Risk
0788-DXBFY,0,0,0.26147452,Low Risk
2669-QVCRG,0,0,0.30018848,Low Risk
6630-UJZMY,0,1,0.7986855,High Risk
5061-PBXFW,0,0,0.086355545,Low Risk
2700-LUEVA,0,0,0.1666184,Low Risk
3865-ZFZIB,0,0,0.0031096423,Low Risk
0471-ARVMX,0,0,0.1808206,Low Risk
8985-OOPOS,0,0,0.25888142,Low Risk
0719-SYFRB,1,0,0.053889636,Low Risk
0447-BEMNG,1,0,0.030931687,Low Risk
5630-AHZIL,0,0,0.17161709,Low Risk
2190-BCXEC,0,0,0.44416606,Low Risk
1559-DTODC,0,0,0.33581352,Low Risk
3244-DCJWY,1,1,0.70236063,Medium Risk
3967-VQOGC,0,0,0.00020132009,Low Risk
0265-PSUAE,0,1,0.6017747,Medium Risk
1622-HSHSF,0,0,0.4258665,Low Risk
9867-XOBQA,0,0,0.005833552,Low Risk
6773-LQTVT,0,0,0.37378532,Low Risk
4332-MUOEZ,0,0,0.080649406,Low Risk
0023-XUOPT,1,1,0.7820405,High Risk
6543-CPZMK,1,1,0.5371468,Medium Risk
6418-HNFED,0,0,0.0028861002,Low Risk
1036-GUDCL,0,0,0.0033216304,Low Risk
4818-QIUFN,1,0,0.4581118,Low Risk
0778-NELLA,1,0,0.3944055,Low Risk
7495-OOKFY,1,1,0.86002827,High Risk
4737-HOBAX,0,0,0.0016508318,Low Risk
7919-ZODZZ,0,0,0.28931618,Low Risk
2988-PLAHS,0,0,0.31083757,Low Risk
9067-SQTNS,0,0,0.0028279163,Low Risk
6483-OATDN,0,0,0.06803928,Low Risk
5469-CTCWN,1,0,0.05077345,Low Risk
3524-WQDSG,0,1,0.7328985,Medium Risk
6968-URWQU,0,0,0.058898706,Low Risk
8601-QACRS,1,1,0.501075,Medium Risk
8690-UPCZI,0,0,0.0059435223,Low Risk
5331-RGMTT,0,1,0.73055196,Medium Risk
1357-BIJKI,0,0,0.3857054,Low Risk
2088-IEBAU,0,0,0.0082749,Low Risk
0679-IDSTG,1,1,0.9792087,High Risk
6519-ZHPXP,0,0,0.008858158,Low Risk
2101-RANCD,0,0,0.26653633,Low Risk
4029-HPFVY,0,1,0.5844697,Medium Risk
1015-OWJKI,0,0,0.102793366,Low Risk
8314-HTWVE,0,0,0.010446747,Low Risk
5357-TZHPP,1,1,0.7337201,Medium Risk
8727-XDPUD,0,0,0.0036788217,Low Risk
9073-ZZIAY,0,0,0.009396083,Low Risk
5181-OABFK,0,0,0.007012403,Low Risk
3812-LRZIR,0,0,0.040024944,Low Risk
5204-HMGYF,0,0,0.114908986,Low Risk
9950-MTGYX,0,0,0.00031482853,Low Risk
3675-EQOZA,0,0,0.04895483,Low Risk
3646-ITDGM,0,0,0.14876533,Low Risk
3913-FCUUW,0,0,0.0006873695,Low Risk
